,4-seam fastball (FF),sinker (SI),changeup (CH),slider (SL),curveball (CU),cutter (FC),sweeper (ST),splitter (FS),knuckle curve (KC)
4-seam fastball (FF),0.723856405330772,0.06969624204586385,0.04970584704046104,0.04940569095929884,0.022991955817024852,0.018729739464521552,0.027434265818225476,0.025213110817625166,0.012966742706207228
sinker (SI),0.23593179049939098,0.5048721071863581,0.061632155907429965,0.05895249695493301,0.01912302070645554,0.04762484774665043,0.04945188794153471,0.014859926918392205,0.007551766138855055
changeup (CH),0.4911204391346464,0.1172102034226671,0.2563771391669357,0.03842428156280271,0.03793994187923797,0.02873748789150791,0.02147239263803681,0.00016144656118824668,0.008556667742977074
slider (SL),0.4873593214809982,0.16914043386070787,0.04452780949274181,0.23878649486217582,0.00848148752242701,0.012885336812917958,0.009949437285923993,0.01745229163268635,0.011417387049420975
curveball (CU),0.5158295643894311,0.13330159485836707,0.0685551059271602,0.048083789573910976,0.14686979290645086,0.0402285170197572,0.018090930730778387,0.02904070459414425,0.0
cutter (FC),0.3831055900621118,0.21987577639751552,0.08149068322981366,0.03304347826086956,0.03080745341614907,0.18186335403726708,0.03751552795031056,0.02360248447204969,0.008695652173913044
sweeper (ST),0.3760504201680672,0.2064825930372149,0.03991596638655462,0.024309723889555823,0.009603841536614645,0.03571428571428571,0.28691476590636256,0.012304921968787515,0.008703481392557022
splitter (FS),0.40619520748100524,0.06721215663354763,0.0,0.03272939801285798,0.011104617182933957,0.04149620105201637,0.01928696668614845,0.41671537112799534,0.005260081823495032
knuckle curve (KC),0.5742942050520059,0.11738484398216939,0.004457652303120356,0.04234769687964339,0.0,0.004457652303120356,0.004457652303120356,0.004457652303120356,0.24814264487369986
